ID,Value
1,14.503388
2,11.77969
