ID,Value,Delta,Gamma,Vega,Rho,Theta
1,3.259347,0.547849,0.055326,14.651751,-0.446486,13.014427
2,2.692775,-0.467245,0.05721,14.611961,-0.253731,8.93971
3,22.050266,0.67637,0.010698,35.904756,-22.898608,7.280144
4,21.019233,-0.489961,0.002654,40.759573,-14.102684,5.956511
