ID,Value,Delta,Gamma,Vega,Rho,Theta
1,3.260824,0.547872,0.053506,14.659079,7.058414,-13.019817
2,2.646281,-0.452128,0.053506,14.659079,-6.556032,-8.547471
3,22.043329,0.685508,0.008115,35.571438,50.967099,-7.213608
4,20.449083,-0.470751,0.00931,40.812329,-73.99911,-5.351164
