Value,x1,x2,x3,Portfolio
TotalReturn,-0.238723,-0.008555,0.275236,0.06429
Return Attribution,-0.071617,-0.001711,0.137618,0.06429
Vol Attribution,0.008068,0.004598,0.013601,0.026266
