mu,sigma,nu,Alpha,B1,B2,B3
0.0,0.04854512982680848,4.59721460830418,0.04263301652566821,0.9747215097372346,2.0409232266156074,3.154975641221019
