Stock,VaR95,ES95,VaR95_Pct,ES95_Pct
A,95.450285469822,122.81607030865437,0.047725142734911005,0.06140803515432719
B,113.11937984611882,148.80092615848022,0.03770645994870627,0.049600308719493405
Total,153.1319151464376,200.08932594280284,0.03062638302928752,0.04001786518856057
