ES Absolute,ES Diff from Mean
0.07517020212137397,0.12111058216872811
