VaR Absolute,VaR Diff from Mean
0.04171310573907226,0.0876534857864264
